{"cameraMode":{"drawMode":0,"name":"Shaded","section":"Shading Mode"},"sceneLighting":false,"audioPlay":false,"sceneViewState":{"m_AlwaysRefresh":false,"showFog":true,"showSkybox":false,"showFlares":true,"showImageEffects":true,"showParticleSystems":true,"showVisualEffectGraphs":true,"m_FxEnabled":true},"in2DMode":false,"pivot":{"x":2.095132827758789,"y":4.3433122634887699,"z":28.147207260131837},"rotation":{"x":0.10469616949558258,"y":0.04682765156030655,"z":-0.004905596375465393,"w":0.9934266209602356},"size":22.178237915039064,"orthographic":false}