{"cameraMode":{"drawMode":0,"name":"Shaded","section":"Shading Mode"},"sceneLighting":false,"audioPlay":false,"sceneViewState":{"m_AlwaysRefresh":false,"showFog":true,"showSkybox":false,"showFlares":true,"showImageEffects":true,"showParticleSystems":true,"showVisualEffectGraphs":true,"m_FxEnabled":true},"in2DMode":false,"pivot":{"x":0.000431060791015625,"y":-0.3124999403953552,"z":0.00096893310546875},"rotation":{"x":-0.5718837976455689,"y":-0.03147878870368004,"z":0.021982533857226373,"w":-0.8194448947906494},"size":7.077969074249268,"orthographic":true}