{"cameraMode":{"drawMode":0,"name":"Shaded","section":"Shading Mode"},"sceneLighting":false,"audioPlay":false,"sceneViewState":{"m_AlwaysRefresh":false,"showFog":true,"showSkybox":false,"showFlares":true,"showImageEffects":true,"showParticleSystems":true,"showVisualEffectGraphs":true,"m_FxEnabled":true},"in2DMode":false,"pivot":{"x":0.7460184097290039,"y":6.075540542602539,"z":-2.6577091217041017},"rotation":{"x":-0.4311369061470032,"y":-0.014346057549118996,"z":0.006862056441605091,"w":-0.9021518230438232},"size":17.92181396484375,"orthographic":false}