{"cameraMode":{"drawMode":0,"name":"Shaded","section":"Shading Mode"},"sceneLighting":false,"audioPlay":false,"sceneViewState":{"m_AlwaysRefresh":false,"showFog":true,"showSkybox":false,"showFlares":true,"showImageEffects":true,"showParticleSystems":true,"showVisualEffectGraphs":true,"m_FxEnabled":true},"in2DMode":false,"pivot":{"x":0.1131540909409523,"y":-10.999019622802735,"z":16.356224060058595},"rotation":{"x":-0.2713642120361328,"y":-0.0037552607245743276,"z":0.001065088203176856,"w":-0.9624754786491394},"size":16.27301597595215,"orthographic":false}